{
    "loss": 1.1044542789459229,
    "accuracy": 0.8534482717514038
}