{
    "loss": 3.3478424549102783,
    "accuracy": 0.6896551847457886
}